Time,Account Balance,Real Account Balance,Margin Ratio,Prediction Side,Trade Side,Trade On,Trade Size,Trade Dolars,Coin Price,St Value
02/07/23 14:22:57,20.84938713,21.16462713,2.87,Long,Long,True,0.074,20.17,1638.3625,1633.7180255234941
02/07/23 15:04:24,20.84938713,20.90488713,2.9000000000000004,Long,Long,True,0.074,20.17,1637.0749999999998,1633.7180255234941
02/07/23 15:29:15,20.84938713,20.43299418,2.9499999999999997,Long,Long,True,0.074,20.17,1635.91,1633.7180255234941
02/07/23 16:04:26,20.83732195,20.49914195,2.94,Long,Long,True,0.074,20.17,1633.995,1633.7180255234941
02/07/23 17:04:29,20.83732195,21.14368195,2.87,Long,Long,True,0.074,20.17,1633.995,1633.7180255234941
02/07/23 17:56:32,20.83732195,23.62661711,2.62,Long,Long,True,0.074,20.17,1647.96,1633.7180255234941
02/07/23 18:00:05,20.83732195,23.74460906,2.6100000000000003,Long,Long,True,0.074,20.17,1650.8075,1633.7180255234941
02/07/23 18:03:39,20.83732195,23.88436551,2.6,Long,Long,True,0.074,20.17,1674.795,1650.1532331072983
02/07/23 18:07:12,20.83732195,23.32366209,2.65,Long,Long,True,0.074,20.17,1674.765,1650.1500158008573
02/07/23 18:10:42,20.83732195,23.10616195,2.67,Long,Long,True,0.074,20.17,1672.0849999999998,1648.3350158008575
02/07/23 18:14:20,20.83732195,23.20775302,2.6599999999999997,Long,Long,True,0.074,20.17,1669.14,1644.8400158008574
02/07/23 18:17:54,20.83732195,22.28328195,2.75,Long,Long,True,0.074,20.17,1669.0024999999998,1644.8400158008574
02/07/23 18:26:33,21.92585071,21.92585071,0.0,Long,None,False,0,0,1660.1375,1633.7180255234941
02/07/23 18:28:56,21.87523646,21.42170646,2.94,Long,Long,True,0.077,21.09,1654.4525,1633.7180255234941
02/07/23 20:02:29,21.87523646,23.10150594,2.77,Long,Long,True,0.077,21.09,1658.24,1633.7180255234941
02/07/23 21:02:30,22.74517384,22.74517384,0.0,Long,None,False,0,0,1660.7325,1636.501163294785
02/07/23 22:02:22,22.69183433,22.65218422,2.94,Long,Long,True,0.08,22.22,1662.1850000000002,1636.4179329759822
02/07/23 23:02:27,21.91862288,21.91862288,0.0,Long,None,False,0,0,1662.1850000000002,1636.4179329759822
02/08/23 00:02:11,21.85443019,22.21325019,2.9000000000000004,Long,Long,True,0.077,21.39,1662.1850000000002,1636.4179329759822
02/08/23 01:02:22,22.03400929,22.03400929,0.0,Long,None,False,0,0,1678.61,1660.1597915183238
02/08/23 02:02:11,21.98277769,21.88321769,2.92,Long,Long,True,0.076,21.35,1679.725,1660.055159117543
02/08/23 03:02:03,21.98277769,21.37301518,2.98,Long,Long,True,0.076,21.35,1679.725,1660.055159117543
02/08/23 04:02:16,21.98277769,21.68102409,2.9499999999999997,Long,Long,True,0.076,21.35,1679.725,1660.055159117543
02/08/23 05:02:17,21.98277769,21.55565769,2.96,Long,Long,True,0.076,21.35,1680.11,1673.555233346089
02/08/23 06:02:12,21.98277769,21.26457769,2.9899999999999998,Long,Long,True,0.076,21.35,1677.59,1667.2076666577352
02/08/23 07:02:05,21.98277769,21.03756343,3.02,Long,Long,True,0.076,21.35,1677.59,1667.2076666577352
02/08/23 08:02:12,21.97002848,21.35442848,2.98,Long,Long,True,0.076,21.35,1677.59,1667.2076666577352
02/08/23 09:02:07,21.97002848,21.06030848,3.02,Long,Long,True,0.076,21.35,1677.59,1667.2076666577352
02/08/23 10:02:12,21.97002848,21.01004847,3.0300000000000002,Long,Long,True,0.076,21.35,1677.59,1667.2076666577352
02/08/23 11:02:13,21.97002848,20.89637193,3.04,Long,Long,True,0.076,21.35,1677.59,1667.2076666577352
02/08/23 12:02:14,21.97002848,21.16898848,3.01,Long,Long,True,0.076,21.35,1677.59,1667.2076666577352
02/08/23 13:02:18,21.97002848,21.01193482,3.02,Long,Long,True,0.076,21.35,1677.59,1667.2076666577352
02/08/23 14:04:08,21.97002848,20.96609923,3.0300000000000002,Long,Long,True,0.076,21.35,1673.7075,1667.8007917990915
02/08/23 15:04:20,21.97002848,20.5760842,3.08,Long,Long,True,0.076,21.35,1673.7075,1667.8007917990915
02/08/23 16:04:21,21.95746044,19.64806659,3.2,Long,Long,True,0.076,21.35,1673.7075,1667.8007917990915
02/08/23 17:04:08,21.95746044,19.30939176,3.25,Long,Long,True,0.076,21.35,1673.7075,1667.8007917990915
02/08/23 18:04:16,21.95746044,19.88418044,3.17,Long,Long,True,0.076,21.35,1673.7075,1667.8007917990915
02/08/23 19:04:14,21.95746044,19.09682044,3.2800000000000002,Long,Long,True,0.076,21.35,1673.7075,1667.8007917990915
02/08/23 20:04:15,21.95746044,18.89452878,3.3099999999999996,Long,Long,True,0.076,21.35,1673.7075,1667.8007917990915
02/08/23 21:04:08,21.95746044,18.83760053,3.32,Long,Long,True,0.076,21.35,1673.7075,1667.8007917990915
02/08/23 22:04:18,21.95746044,19.48009454,3.2199999999999998,Long,Long,True,0.076,21.35,1673.7075,1667.8007917990915
02/08/23 23:04:15,21.95746044,19.44151104,3.2300000000000004,Long,Long,True,0.076,21.35,1673.7075,1667.8007917990915
02/09/23 00:04:05,21.94491842,19.28947842,3.25,Long,Long,True,0.076,21.35,1673.7075,1667.8007917990915
02/09/23 01:04:23,21.94491842,19.64871439,3.2,Long,Long,True,0.076,21.35,1673.7075,1667.8007917990915
02/09/23 02:04:07,21.94491842,19.33203842,3.25,Long,Long,True,0.076,21.35,1673.7075,1667.8007917990915
02/09/23 03:04:16,21.94491842,17.19861284,3.5900000000000003,Long,Long,True,0.076,21.35,1673.7075,1667.8007917990915
02/09/23 22:04:23,10.57221553,10.57221553,0.0,Short,Long,True,0.076,21.35,1555.685,1606.316774860671
02/09/23 23:04:11,10.54763138,10.38177593,2.97,Short,Short,True,-0.04,10.24,1555.685,1606.316774860671
02/10/23 00:04:12,10.5538101,10.1278101,3.06,Short,Short,True,-0.04,10.24,1555.685,1606.316774860671
02/10/23 01:04:26,10.5538101,10.11406262,3.06,Short,Short,True,-0.04,10.24,1555.685,1606.316774860671
02/10/23 02:04:19,10.5538101,10.0326101,3.09,Short,Short,True,-0.04,10.24,1555.685,1606.316774860671
02/10/23 03:04:18,10.5538101,10.19794778,3.0300000000000002,Short,Short,True,-0.04,10.24,1555.685,1606.316774860671
02/10/23 04:04:18,10.5538101,10.3450101,2.98,Short,Short,True,-0.04,10.24,1555.685,1606.316774860671
02/10/23 05:04:15,10.5538101,10.62917971,2.8899999999999997,Short,Short,True,-0.04,10.24,1555.685,1606.316774860671
02/10/23 06:04:31,10.5538101,10.2838101,3.0,Short,Short,True,-0.04,10.24,1555.685,1606.316774860671
02/10/23 07:04:08,10.5538101,10.1166101,3.06,Short,Short,True,-0.04,10.24,1555.685,1606.316774860671
02/10/23 08:04:17,10.55804537,10.05110295,3.08,Short,Short,True,-0.04,10.24,1555.685,1606.316774860671
02/10/23 09:04:19,10.55804537,10.01546026,3.1,Short,Short,True,-0.04,10.24,1555.685,1606.316774860671
02/10/23 10:04:18,10.55804537,10.18244537,3.04,Short,Short,True,-0.04,10.24,1555.685,1606.316774860671
02/10/23 11:04:15,10.55804537,10.3243425,2.9899999999999998,Short,Short,True,-0.04,10.24,1555.685,1606.316774860671
02/10/23 12:04:17,10.55804537,10.59728803,2.9000000000000004,Short,Short,True,-0.04,10.24,1555.685,1606.316774860671
02/10/23 13:04:06,10.55804537,10.58844537,2.9000000000000004,Short,Short,True,-0.04,10.24,1555.685,1606.316774860671
02/10/23 14:04:12,10.55804537,10.62724537,2.8899999999999997,Short,Short,True,-0.04,10.24,1555.685,1606.316774860671
02/10/23 15:04:14,10.55804537,10.43324537,2.9499999999999997,Short,Short,True,-0.04,10.24,1555.685,1606.316774860671
02/10/23 16:04:01,10.56413165,10.90301814,2.8000000000000003,Short,Short,True,-0.04,10.24,1555.685,1606.316774860671
02/10/23 17:04:01,10.56413165,11.22133165,2.71,Short,Short,True,-0.04,10.24,1555.685,1606.316774860671
02/10/23 18:04:08,10.56413165,11.06658897,2.75,Short,Short,True,-0.04,10.24,1555.685,1606.316774860671
02/10/23 19:04:16,10.56413165,10.94070958,2.79,Short,Short,True,-0.04,10.24,1555.685,1606.316774860671
02/10/23 20:04:10,10.56413165,10.70750797,2.86,Short,Short,True,-0.04,10.24,1555.685,1606.316774860671
02/10/23 21:04:07,10.56413165,10.92439204,2.8000000000000003,Short,Short,True,-0.04,10.24,1555.685,1606.316774860671
02/10/23 22:04:15,10.56413165,11.6466915,2.59,Short,Short,True,-0.04,10.24,1555.685,1606.316774860671
02/10/23 23:04:11,10.56413165,11.6310394,2.6,Short,Short,True,-0.04,10.24,1555.685,1606.316774860671
02/11/23 00:04:13,10.56804612,11.56427668,2.6100000000000003,Short,Short,True,-0.04,10.24,1555.685,1606.316774860671
02/11/23 01:04:29,10.56804612,11.45044612,2.65,Short,Short,True,-0.04,10.24,1555.685,1606.316774860671
02/11/23 02:03:59,10.56804612,11.55122211,2.62,Short,Short,True,-0.04,10.24,1555.685,1606.316774860671
02/11/23 03:04:08,10.56804612,11.34284612,2.68,Short,Short,True,-0.04,10.24,1555.685,1606.316774860671
02/11/23 04:04:12,10.56804612,11.24362004,2.7,Short,Short,True,-0.04,10.24,1555.685,1606.316774860671
02/11/23 05:04:15,10.56804612,11.28923261,2.69,Short,Short,True,-0.04,10.24,1555.685,1606.316774860671
02/11/23 06:04:17,10.56804612,11.35681345,2.67,Short,Short,True,-0.04,10.24,1555.685,1606.316774860671
02/11/23 07:04:17,10.56804612,11.29093134,2.69,Short,Short,True,-0.04,10.24,1555.685,1606.316774860671
02/11/23 08:04:04,10.57008003,11.22168003,2.71,Short,Short,True,-0.04,10.24,1555.685,1606.316774860671
02/11/23 09:04:10,10.57008003,11.14612907,2.73,Short,Short,True,-0.04,10.24,1555.685,1606.316774860671
02/11/23 10:04:13,10.57008003,11.1729952,2.7199999999999998,Short,Short,True,-0.04,10.24,1555.685,1606.316774860671
02/11/23 11:04:03,10.57008003,11.33968003,2.68,Short,Short,True,-0.04,10.24,1555.685,1606.316774860671
02/11/23 12:04:07,10.57008003,11.26688003,2.7,Short,Short,True,-0.04,10.24,1555.685,1606.316774860671
02/11/23 13:04:10,10.57008003,11.23740128,2.7,Short,Short,True,-0.04,10.24,1555.685,1606.316774860671
02/11/23 14:04:08,10.57008003,11.12208003,2.74,Short,Short,True,-0.04,10.24,1555.685,1606.316774860671
02/11/23 15:04:10,10.57008003,11.07328003,2.75,Short,Short,True,-0.04,10.24,1555.685,1606.316774860671
02/11/23 16:04:09,10.56856357,11.17776357,2.7199999999999998,Short,Short,True,-0.04,10.24,1555.685,1606.316774860671
02/11/23 17:04:08,10.56856357,11.33136357,2.68,Short,Short,True,-0.04,10.24,1555.685,1606.316774860671
02/11/23 18:04:11,10.56856357,11.31005201,2.68,Short,Short,True,-0.04,10.24,1555.685,1606.316774860671
02/11/23 19:04:01,10.56856357,11.41856357,2.65,Short,Short,True,-0.04,10.24,1555.685,1606.316774860671
02/11/23 20:04:07,10.56856357,11.36331255,2.67,Short,Short,True,-0.04,10.24,1555.685,1606.316774860671
02/11/23 21:04:00,10.56856357,11.25213346,2.7,Short,Short,True,-0.04,10.24,1555.685,1606.316774860671
02/11/23 22:04:07,10.56856357,10.76456357,2.85,Short,Short,True,-0.04,10.24,1555.685,1606.316774860671
02/11/23 23:04:21,10.56856357,10.52616357,2.92,Short,Short,True,-0.04,10.24,1555.685,1606.316774860671
02/12/23 00:04:21,10.57401889,10.53801889,2.92,Short,Short,True,-0.04,10.24,1555.685,1606.316774860671
02/12/23 01:04:12,10.57401889,10.68881889,2.87,Short,Short,True,-0.04,10.24,1555.685,1606.316774860671
02/12/23 02:04:12,10.57401889,10.73361889,2.86,Short,Short,True,-0.04,10.24,1555.685,1606.316774860671
02/12/23 03:04:13,10.57401889,10.66956684,2.88,Short,Short,True,-0.04,10.24,1555.685,1606.316774860671
02/12/23 04:04:03,10.57401889,10.83261528,2.82,Short,Short,True,-0.04,10.24,1555.685,1606.316774860671
02/12/23 05:04:13,10.57401889,10.80241889,2.83,Short,Short,True,-0.04,10.24,1555.685,1606.316774860671
02/12/23 06:04:10,10.57401889,10.68401889,2.87,Short,Short,True,-0.04,10.24,1555.685,1606.316774860671
02/12/23 07:04:12,10.57401889,10.75997008,2.85,Short,Short,True,-0.04,10.24,1555.685,1606.316774860671
02/12/23 08:04:13,10.57599279,10.78799279,2.8400000000000003,Short,Short,True,-0.04,10.24,1555.685,1606.316774860671
02/12/23 09:04:14,10.57599279,10.79759279,2.8400000000000003,Short,Short,True,-0.04,10.24,1555.685,1606.316774860671
02/12/23 10:04:12,10.57599279,10.60903837,2.9000000000000004,Short,Short,True,-0.04,10.24,1555.685,1606.316774860671
02/12/23 11:04:11,10.57599279,10.61039279,2.8899999999999997,Short,Short,True,-0.04,10.24,1555.685,1606.316774860671
02/12/23 12:04:15,10.57599279,10.71706625,2.86,Short,Short,True,-0.04,10.24,1555.685,1606.316774860671
02/12/23 13:04:07,10.57599279,11.06751156,2.75,Short,Short,True,-0.04,10.24,1555.685,1606.316774860671
02/12/23 14:04:04,10.57599279,10.99719279,2.78,Short,Short,True,-0.04,10.24,1555.685,1606.316774860671
02/12/23 15:04:12,10.57599279,10.68039279,2.87,Short,Short,True,-0.04,10.24,1555.685,1606.316774860671
02/12/23 16:04:04,10.57880498,10.61024578,2.8899999999999997,Short,Short,True,-0.04,10.24,1555.685,1606.316774860671
02/12/23 17:04:10,10.57880498,10.27880498,3.0,Short,Short,True,-0.04,10.24,1555.685,1606.316774860671
02/12/23 18:04:04,10.57880498,10.49355835,2.93,Short,Short,True,-0.04,10.24,1555.685,1606.316774860671
02/12/23 19:04:02,10.57880498,10.57000498,2.91,Short,Short,True,-0.04,10.24,1555.685,1606.316774860671
02/12/23 20:04:13,10.57880498,10.43960498,2.9499999999999997,Short,Short,True,-0.04,10.24,1555.685,1606.316774860671
02/12/23 21:04:09,10.57880498,10.60030301,2.9000000000000004,Short,Short,True,-0.04,10.24,1555.685,1606.316774860671
02/12/23 22:04:16,10.57880498,11.61249232,2.6,Short,Short,True,-0.04,10.24,1524.2925,1544.6024453922869
02/12/23 23:04:10,10.57880498,11.43240498,2.65,Short,Short,True,-0.04,10.24,1506.8925000000002,1527.0969474142212
02/13/23 00:04:08,10.58035273,11.45633515,2.64,Short,Short,True,-0.04,10.24,1508.17,1528.2419474142212
02/13/23 01:04:14,10.58035273,11.42955273,2.65,Short,Short,True,-0.04,10.24,1508.17,1528.2419474142212
02/13/23 02:04:09,10.58035273,11.69995273,2.58,Short,Short,True,-0.04,10.24,1508.17,1528.2419474142212
02/13/23 03:04:11,10.58035273,11.5921709,2.6100000000000003,Short,Short,True,-0.04,10.24,1508.17,1528.2419474142212
02/13/23 04:04:10,10.58035273,11.36635273,2.67,Short,Short,True,-0.04,10.24,1508.17,1528.2419474142212
02/13/23 05:04:13,10.58035273,11.34693176,2.67,Short,Short,True,-0.04,10.24,1508.17,1528.2419474142212
02/13/23 06:04:05,10.58035273,11.36659916,2.67,Short,Short,True,-0.04,10.24,1508.17,1528.2419474142212
02/13/23 07:04:01,10.58035273,11.27595273,2.69,Short,Short,True,-0.04,10.24,1508.17,1528.2419474142212
02/13/23 08:04:12,10.58400134,11.35440134,2.67,Short,Short,True,-0.04,10.24,1508.17,1528.2419474142212
02/13/23 09:04:09,10.58400134,11.72040134,2.5700000000000003,Short,Short,True,-0.04,10.24,1508.17,1528.2419474142212
02/13/23 10:04:09,10.58400134,12.61560134,2.36,Short,Short,True,-0.04,10.24,1508.17,1528.2419474142212
02/13/23 11:04:08,10.58400134,12.67040134,2.34,Short,Short,True,-0.04,10.24,1508.17,1528.2419474142212
02/13/23 12:04:11,10.58400134,12.65805856,2.35,Short,Short,True,-0.04,10.24,1508.17,1528.2419474142212
02/13/23 13:04:09,10.58400134,12.51760134,2.3800000000000003,Short,Short,True,-0.04,10.24,1508.17,1528.2419474142212
02/13/23 14:04:03,10.58400134,12.86120134,2.3,Short,Short,True,-0.04,10.24,1508.17,1528.2419474142212
02/13/23 15:04:10,10.58400134,12.57608367,2.36,Short,Short,True,-0.04,10.24,1508.17,1528.2419474142212
02/13/23 16:04:14,10.5899021,12.88313433,2.3,Short,Short,True,-0.04,10.24,1508.17,1528.2419474142212
02/13/23 17:04:14,10.5899021,12.9039021,2.29,Short,Short,True,-0.04,10.24,1508.17,1528.2419474142212
02/13/23 18:04:07,10.5899021,12.97760265,2.2800000000000002,Short,Short,True,-0.04,10.24,1508.17,1528.2419474142212
02/13/23 19:04:05,10.5899021,12.4659021,2.39,Short,Short,True,-0.04,10.24,1508.17,1528.2419474142212
02/13/23 20:04:09,10.5899021,12.6147021,2.36,Short,Short,True,-0.04,10.24,1508.17,1528.2419474142212
02/13/23 21:04:01,10.5899021,12.6004162,2.36,Short,Short,True,-0.04,10.24,1508.17,1528.2419474142212
02/13/23 22:04:08,10.5899021,12.69545308,2.34,Short,Short,True,-0.04,10.24,1508.17,1528.2419474142212
02/13/23 23:04:00,10.5899021,12.3423021,2.42,Short,Short,True,-0.04,10.24,1508.17,1528.2419474142212
02/14/23 00:04:14,10.58962882,11.81922882,2.55,Short,Short,True,-0.04,10.24,1508.17,1528.2419474142212
02/14/23 01:04:07,10.58962882,12.01922882,2.5,Short,Short,True,-0.04,10.24,1508.17,1528.2419474142212
02/14/23 02:04:01,10.58962882,12.13122882,2.4699999999999998,Short,Short,True,-0.04,10.24,1508.17,1528.2419474142212
02/14/23 03:04:00,10.58962882,12.15802882,2.46,Short,Short,True,-0.04,10.24,1508.17,1528.2419474142212
02/14/23 04:04:03,10.58962882,12.14682882,2.4699999999999998,Short,Short,True,-0.04,10.24,1508.17,1528.2419474142212
02/14/23 05:04:05,10.58962882,12.08202882,2.48,Short,Short,True,-0.04,10.24,1508.17,1528.2419474142212
02/14/23 06:04:12,10.58962882,12.05357337,2.4899999999999998,Short,Short,True,-0.04,10.24,1508.17,1528.2419474142212
02/14/23 07:04:09,10.58962882,11.93322882,2.52,Short,Short,True,-0.04,10.24,1508.17,1528.2419474142212
02/14/23 08:04:10,10.59228144,11.88030054,2.53,Short,Short,True,-0.04,10.24,1508.17,1528.2419474142212
02/14/23 09:04:00,10.59228144,12.03148144,2.4899999999999998,Short,Short,True,-0.04,10.24,1508.17,1528.2419474142212
02/14/23 10:04:06,10.59228144,11.65180303,2.59,Short,Short,True,-0.04,10.24,1508.17,1528.2419474142212
02/14/23 11:04:03,10.59228144,11.66722838,2.59,Short,Short,True,-0.04,10.24,1508.17,1528.2419474142212
02/14/23 12:04:07,10.59228144,11.74203002,2.5700000000000003,Short,Short,True,-0.04,10.24,1508.17,1528.2419474142212
02/14/23 13:04:13,10.59228144,11.60068144,2.6100000000000003,Short,Short,True,-0.04,10.24,1508.17,1528.2419474142212
02/14/23 14:04:02,10.59228144,11.61767644,2.6,Short,Short,True,-0.04,10.24,1508.17,1528.2419474142212
02/14/23 15:04:01,10.59228144,9.72502002,3.2,Short,Short,True,-0.04,10.24,1508.17,1528.2419474142212
02/14/23 16:04:06,10.59556252,9.97716252,3.11,Short,Short,True,-0.04,10.24,1508.17,1528.2419474142212
02/14/23 17:04:04,10.59556252,10.35369961,2.98,Short,Short,True,-0.04,10.24,1508.17,1528.2419474142212
02/14/23 18:04:02,10.59556252,10.06760724,3.08,Short,Short,True,-0.04,10.24,1508.17,1528.2419474142212
02/14/23 19:04:00,10.59556252,9.99021754,3.11,Short,Short,True,-0.04,10.24,1508.17,1528.2419474142212
02/14/23 20:04:11,10.59556252,9.6452905,3.2399999999999998,Short,Short,True,-0.04,10.24,1508.17,1528.2419474142212
02/14/23 21:04:07,10.59556252,9.89965748,3.1399999999999997,Short,Short,True,-0.04,10.24,1508.17,1528.2419474142212
02/14/23 22:04:16,10.59556252,9.85088113,3.16,Short,Short,True,-0.04,10.24,1508.17,1528.2419474142212
02/14/23 23:04:02,10.59556252,9.93276252,3.1300000000000003,Short,Short,True,-0.04,10.24,1508.17,1528.2419474142212
02/15/23 00:04:08,10.59737236,9.94811018,3.1199999999999997,Short,Short,True,-0.04,10.24,1508.17,1528.2419474142212
02/15/23 01:04:14,10.59737236,10.06217236,3.08,Short,Short,True,-0.04,10.24,1508.17,1528.2419474142212
02/15/23 02:04:11,10.59737236,10.12649014,3.06,Short,Short,True,-0.04,10.24,1508.17,1528.2419474142212
02/15/23 03:04:04,10.59737236,10.29257236,3.0,Short,Short,True,-0.04,10.24,1508.17,1528.2419474142212
02/15/23 04:04:09,10.59737236,10.17045702,3.04,Short,Short,True,-0.04,10.24,1508.17,1528.2419474142212
02/15/23 05:04:14,10.59737236,10.15137236,3.05,Short,Short,True,-0.04,10.24,1508.17,1528.2419474142212
02/15/23 06:04:00,10.59737236,10.09211959,3.0700000000000003,Short,Short,True,-0.04,10.24,1508.17,1528.2419474142212
02/15/23 07:04:13,10.59737236,10.08166061,3.0700000000000003,Short,Short,True,-0.04,10.24,1508.17,1528.2419474142212
02/15/23 08:04:13,10.59911087,10.27554871,3.01,Short,Short,True,-0.04,10.24,1508.17,1528.2419474142212
02/15/23 09:04:09,10.59911087,10.20991087,3.0300000000000002,Short,Short,True,-0.04,10.24,1508.17,1528.2419474142212
02/15/23 10:04:00,10.59911087,10.06644764,3.08,Short,Short,True,-0.04,10.24,1508.17,1528.2419474142212
02/15/23 11:04:25,9.75339839,9.75339839,0.0,Long,Short,True,-0.04,10.24,1553.5375,1545.8067085334217
02/15/23 12:04:11,9.73035183,10.38760923,2.8000000000000003,Long,Long,True,0.037,9.6,1562.3375,1545.5365946752563
02/15/23 13:04:15,10.7473291,10.7473291,0.0,Long,None,False,0,0,1562.3375,1545.5365946752563
02/15/23 14:04:13,10.7219803,10.4783803,3.01,Long,Long,True,0.04,10.56,1562.3375,1545.5365946752563
02/15/23 15:04:04,10.7219803,10.27000945,3.06,Long,Long,True,0.04,10.56,1562.3375,1545.5365946752563
02/15/23 16:04:00,10.71837146,10.49797146,3.01,Long,Long,True,0.04,10.56,1562.3375,1545.5365946752563
02/15/23 17:04:14,10.71837146,10.35637146,3.04,Long,Long,True,0.04,10.56,1562.3375,1545.5365946752563
02/15/23 18:04:05,10.71837146,10.53520859,3.0,Long,Long,True,0.04,10.56,1562.3375,1545.5365946752563
02/15/23 19:04:17,10.74580154,10.74580154,0.0,Long,None,False,0,0,1562.3375,1545.5365946752563
02/15/23 21:04:06,12.39667931,12.39667931,0.0,Long,None,False,0,0,1650.4274999999998,1601.0674393597187
02/15/23 22:04:10,12.58403713,12.58403713,0.0,Long,None,False,0,0,1650.485,1601.0674393597187
02/15/23 23:04:23,12.65779927,12.65779927,0.0,Long,None,False,0,0,1650.485,1601.0674393597187
02/16/23 00:04:10,12.62026864,13.13984423,2.87,Long,Long,True,0.045,12.5,1650.485,1601.0674393597187
02/16/23 01:04:18,14.24291464,14.24291464,0.0,Long,None,False,0,0,1650.485,1601.0674393597187
02/16/23 02:04:15,14.20908864,14.52108864,2.92,Long,Long,True,0.05,14.09,1650.485,1601.0674393597187
02/16/23 04:04:14,14.41371723,14.41371723,0.0,Long,None,False,0,0,1694.835,1678.0385404915232
02/16/23 05:04:04,14.38057148,14.6796236,2.83,Long,Long,True,0.049,13.81,1694.835,1678.0385404915232
02/16/23 06:04:09,14.44636614,14.44636614,0.0,Long,None,False,0,0,1694.835,1678.0385404915232
02/16/23 07:04:06,14.41248034,13.89748034,3.0300000000000002,Long,Long,True,0.05,14.12,1694.835,1678.0385404915232
02/16/23 08:04:08,14.40406502,13.74456502,3.06,Long,Long,True,0.05,14.12,1687.6025,1680.7026878620352
02/16/23 09:04:06,14.40406502,13.9469331,3.02,Long,Long,True,0.05,14.12,1687.6025,1680.7026878620352
02/16/23 10:04:14,14.40406502,14.10706502,2.9899999999999998,Long,Long,True,0.05,14.12,1685.265,1680.7026878620352
02/16/23 11:04:06,14.40406502,14.01131792,3.01,Long,Long,True,0.05,14.12,1685.265,1680.7026878620352
02/16/23 12:04:14,14.40406502,13.81556502,3.04,Long,Long,True,0.05,14.12,1685.265,1680.7026878620352
02/16/23 13:04:04,14.40406502,14.19310919,2.98,Long,Long,True,0.05,14.12,1685.265,1680.7026878620352
02/16/23 14:04:06,14.40406502,13.25156502,3.15,Long,Long,True,0.05,14.12,1685.265,1680.7026878620352
02/20/23 22:04:16,14.56476059,14.56476059,0.0,Long,None,False,0,0,1706.2225,1698.2672575611139
02/20/23 23:04:11,14.53073899,14.13273899,3.0,Long,Long,True,0.05,14.18,1706.2225,1698.2672575611139
02/21/23 00:04:10,14.52222049,14.62964839,2.91,Long,Long,True,0.05,14.18,1706.2225,1698.2672575611139
02/21/23 01:04:08,14.52222049,14.72164317,2.9000000000000004,Long,Long,True,0.05,14.18,1706.2225,1698.2672575611139
02/21/23 02:04:07,14.6321413,14.6321413,0.0,Long,None,False,0,0,1706.2225,1698.2672575611139
02/21/23 03:04:12,14.71234392,14.71234392,0.0,Long,None,False,0,0,1706.2225,1698.2672575611139
02/21/23 04:04:18,14.76172773,14.76172773,0.0,Long,None,False,0,0,1706.2225,1698.2672575611139
02/21/23 05:04:08,14.72766013,14.36960934,2.9499999999999997,Long,Long,True,0.05,14.19,1699.3675,1698.2672575611139
02/21/23 06:04:06,14.72766013,14.50816013,2.93,Long,Long,True,0.05,14.19,1699.8025,1698.2672575611139
02/21/23 07:04:07,14.72766013,14.8154733,2.88,Long,Long,True,0.05,14.19,1699.8025,1698.2672575611139
02/21/23 08:04:03,14.71913979,14.76711293,2.8899999999999997,Long,Long,True,0.05,14.19,1699.8025,1698.2672575611139
02/21/23 09:04:03,14.82701539,14.82701539,0.0,Long,None,False,0,0,1699.8025,1698.2672575611139
02/21/23 10:04:12,14.79274809,15.02377809,2.86,Long,Long,True,0.051,14.28,1699.8025,1698.2672575611139
02/21/23 11:04:15,14.79274809,14.83354809,2.8899999999999997,Long,Long,True,0.051,14.28,1699.8025,1698.2672575611139
02/21/23 12:04:03,14.79274809,14.43421809,2.96,Long,Long,True,0.051,14.28,1699.8025,1698.2672575611139
02/21/23 13:04:01,14.79274809,14.62291809,2.92,Long,Long,True,0.051,14.28,1699.8025,1698.2672575611139
02/21/23 14:04:05,14.79274809,14.33319806,2.97,Long,Long,True,0.051,14.28,1699.8025,1698.2672575611139
02/21/23 15:04:09,14.79274809,14.52981233,2.94,Long,Long,True,0.051,14.28,1699.8025,1698.2672575611139
02/21/23 16:04:03,14.78422171,14.40438132,2.96,Long,Long,True,0.051,14.28,1699.8025,1698.2672575611139
02/21/23 17:04:07,14.78422171,13.91292981,3.05,Long,Long,True,0.051,14.28,1699.8025,1698.2672575611139
02/21/23 18:04:06,14.78422171,14.82638565,2.8899999999999997,Long,Long,True,0.051,14.28,1699.8025,1698.2672575611139
02/21/23 19:04:14,14.78422171,14.74133054,2.9000000000000004,Long,Long,True,0.051,14.28,1699.8025,1698.2672575611139
02/21/23 20:04:08,14.78422171,14.4332997,2.96,Long,Long,True,0.051,14.28,1699.8025,1698.2672575611139
02/21/23 21:04:15,14.78422171,14.27830171,2.98,Long,Long,True,0.051,14.28,1699.8025,1698.2672575611139
02/21/23 22:04:02,14.78422171,12.72841171,3.2800000000000002,Long,Long,True,0.051,14.28,1699.8025,1698.2672575611139
02/21/23 23:04:10,14.78422171,13.31850736,3.16,Long,Long,True,0.051,14.28,1699.8025,1698.2672575611139
02/22/23 00:04:13,14.77576006,13.6578576,3.1,Long,Long,True,0.051,14.28,1699.8025,1698.2672575611139
02/22/23 01:04:10,14.77576006,13.6966322,3.09,Long,Long,True,0.051,14.28,1699.8025,1698.2672575611139
02/22/23 02:04:02,14.77576006,12.64349479,3.3000000000000003,Long,Long,True,0.051,14.28,1699.8025,1698.2672575611139
02/22/23 03:04:00,14.77576006,12.99271388,3.2300000000000004,Long,Long,True,0.051,14.28,1699.8025,1698.2672575611139
02/22/23 04:04:10,14.77576006,13.17461265,3.19,Long,Long,True,0.051,14.28,1699.8025,1698.2672575611139
02/22/23 05:04:08,14.77576006,12.93132093,3.2399999999999998,Long,Long,True,0.051,14.28,1699.8025,1698.2672575611139
02/22/23 06:04:09,14.77576006,12.88111006,3.25,Long,Long,True,0.051,14.28,1699.8025,1698.2672575611139
02/22/23 07:04:11,14.77576006,12.37737941,3.36,Long,Long,True,0.051,14.28,1699.8025,1698.2672575611139
02/22/23 08:04:16,14.76737619,12.79392026,3.27,Long,Long,True,0.051,14.28,1699.8025,1698.2672575611139
02/22/23 09:04:05,14.76737619,12.31019619,3.38,Long,Long,True,0.051,14.28,1699.8025,1698.2672575611139
02/22/23 10:04:03,14.76737619,12.73349619,3.2800000000000002,Long,Long,True,0.051,14.28,1699.8025,1698.2672575611139
02/22/23 11:04:03,14.76737619,12.90778694,3.25,Long,Long,True,0.051,14.28,1699.8025,1698.2672575611139
02/22/23 12:04:09,14.76737619,12.90729978,3.25,Long,Long,True,0.051,14.28,1699.8025,1698.2672575611139
02/22/23 13:04:08,14.76737619,12.94973619,3.2399999999999998,Long,Long,True,0.051,14.28,1699.8025,1698.2672575611139
02/22/23 14:04:10,14.76737619,12.8113845,3.27,Long,Long,True,0.051,14.28,1699.8025,1698.2672575611139
02/22/23 15:04:16,14.76737619,11.81351577,3.5000000000000004,Long,Long,True,0.051,14.28,1699.8025,1698.2672575611139
02/22/23 16:04:11,14.75915034,11.41100034,3.61,Long,Long,True,0.051,14.28,1699.8025,1698.2672575611139
02/22/23 17:04:02,14.75915034,11.06420034,3.6999999999999997,Long,Long,True,0.051,14.28,1699.8025,1698.2672575611139
02/22/23 18:04:08,14.75915034,11.17334034,3.6700000000000004,Long,Long,True,0.051,14.28,1699.8025,1698.2672575611139
02/22/23 19:04:04,14.75915034,11.63591034,3.55,Long,Long,True,0.051,14.28,1699.8025,1698.2672575611139
02/22/23 20:04:15,14.75915034,11.38244034,3.61,Long,Long,True,0.051,14.28,1699.8025,1698.2672575611139
02/22/23 21:04:18,14.75915034,11.63961739,3.55,Long,Long,True,0.051,14.28,1699.8025,1698.2672575611139
02/22/23 22:04:12,14.75915034,11.63842451,3.55,Long,Long,True,0.051,14.28,1699.8025,1698.2672575611139
02/22/23 23:04:05,14.75915034,12.68039034,3.3000000000000003,Long,Long,True,0.051,14.28,1699.8025,1698.2672575611139
02/23/23 00:04:02,14.75322694,12.84157239,3.26,Long,Long,True,0.051,14.28,1699.8025,1698.2672575611139
02/23/23 01:04:15,14.75322694,12.57144694,3.32,Long,Long,True,0.051,14.28,1699.8025,1698.2672575611139
02/23/23 02:04:08,14.75322694,12.9738211,3.2300000000000004,Long,Long,True,0.051,14.28,1699.8025,1698.2672575611139
02/23/23 03:04:10,14.75322694,14.5429454,2.94,Long,Long,True,0.051,14.28,1699.8025,1698.2672575611139
02/23/23 04:04:04,14.75322694,14.17361469,3.0,Long,Long,True,0.051,14.28,1699.8025,1698.2672575611139
02/23/23 05:04:04,14.75322694,14.22948353,2.9899999999999998,Long,Long,True,0.051,14.28,1699.8025,1698.2672575611139
02/23/23 06:04:11,14.75322694,13.98048044,3.04,Long,Long,True,0.051,14.28,1699.8025,1698.2672575611139
02/23/23 07:04:01,14.75322694,14.03706622,3.0300000000000002,Long,Long,True,0.051,14.28,1699.8025,1698.2672575611139
02/23/23 08:04:06,14.74487575,14.01728993,3.0300000000000002,Long,Long,True,0.051,14.28,1699.8025,1698.2672575611139
02/23/23 10:04:05,14.74487575,13.92758396,3.05,Long,Long,True,0.051,14.28,1666.1775,1658.980029133658
02/23/23 11:04:12,14.74487575,14.01710575,3.0300000000000002,Long,Long,True,0.051,14.28,1666.1775,1658.980029133658
02/23/23 12:04:09,14.74487575,12.35468827,3.37,Long,Long,True,0.051,14.28,1666.1775,1658.980029133658
02/23/23 13:04:02,14.74487575,13.17352077,3.19,Long,Long,True,0.051,14.28,1666.1775,1658.980029133658
02/23/23 14:04:05,14.74487575,13.51864715,3.1199999999999997,Long,Long,True,0.051,14.28,1666.1775,1658.980029133658
02/23/23 15:04:16,14.74487575,13.47933503,3.1300000000000003,Long,Long,True,0.051,14.28,1666.1775,1658.980029133658
02/23/23 16:04:06,14.74118362,13.59318101,3.11,Long,Long,True,0.051,14.28,1666.1775,1658.980029133658
02/23/23 17:04:16,14.74118362,13.23923362,3.18,Long,Long,True,0.051,14.28,1666.1775,1658.980029133658
02/23/23 18:04:12,14.74118362,12.85266273,3.26,Long,Long,True,0.051,14.28,1666.1775,1658.980029133658
02/23/23 19:04:16,12.81302418,12.81302418,0.0,Short,Long,True,0.051,14.28,1643.5225,1657.855595172107
02/23/23 20:04:11,12.78345702,12.221524,3.05,Short,Short,True,-0.045,12.32,1647.7975,1665.6126055819964
02/23/23 21:04:16,12.78345702,12.38748534,3.0,Short,Short,True,-0.045,12.32,1647.7975,1665.6126055819964
02/23/23 22:04:15,12.78345702,12.8353719,2.88,Short,Short,True,-0.045,12.32,1647.7975,1665.6126055819964
02/23/23 23:04:13,12.78345702,12.53505702,2.96,Short,Short,True,-0.045,12.32,1647.7975,1665.6126055819964
02/24/23 01:04:10,12.78628095,12.23953095,3.04,Short,Short,True,-0.045,12.32,1651.2075,1656.0859171531097
02/24/23 02:04:06,12.78628095,12.3599409,3.01,Short,Short,True,-0.045,12.32,1652.9775,1656.0859171531097
02/24/23 03:04:03,12.78628095,12.59773095,2.94,Short,Short,True,-0.045,12.32,1652.9775,1656.0859171531097
02/24/23 04:04:04,12.78628095,12.43200477,2.9899999999999998,Short,Short,True,-0.045,12.32,1652.9775,1656.0859171531097
02/24/23 06:04:06,12.78628095,12.73040786,2.91,Short,Short,True,-0.045,12.32,1646.2975,1654.5327582609193
02/24/23 07:04:15,12.78628095,12.41593866,2.9899999999999998,Short,Short,True,-0.045,12.32,1646.2975,1654.5327582609193
